외부코드,전철명명(영문),전철역명,전철역코드,호선,출발지전철역,도착지전철역,역간소요분,
901,Gaehwa,개화,4101,9호선,개화,김포공항,5,
902,Gimpo Intl. Airport,김포공항,4102,9호선,김포공항,공항시장,2,
903,Airport Market,공항시장,4103,9호선,공항시장,신방화,2,
904,Sinbanghwa,신방화,4104,9호선,신방화,마곡나루,2,
905,Magongnaru,마곡나루,4105,9호선,마곡나루,양천향교,3,
906,Yangcheon Hyanggyo,양천향교,4106,9호선,양천향교,가양,2,
907,Gayang,가양,4107,9호선,가양,증미,2,
908,Jeungmi,증미,4108,9호선,증미,등촌,2,
909,Deungchon,등촌,4109,9호선,등촌,염창,2,
910,Yeomchang,염창,4110,9호선,염창,신목동,2,
911,Sinmokdong,신목동,4111,9호선,신목동,선유도,2,
912,Seonyudo,선유도,4112,9호선,선유도,당산,2,
913,Dangsan,당산,4113,9호선,당산,국회의사당,3,
914,National Assembly,국회의사당,4114,9호선,국회의사당,여의도,2,
915,Yeouido,여의도,4115,9호선,여의도,샛강,2,
916,Saetgang,샛강,4116,9호선,샛강,노량진,2,
917,Noryangjin,노량진,4117,9호선,노량진,노들,2,
918,Nodeul,노들,4118,9호선,노들,흑석,2,
919,Heukseok,흑석,4119,9호선,흑석,동작,3,
920,Dongjak,동작,4120,9호선,동작,구반포,2,
921,Gubanpo,구반포,4121,9호선,구반포,신반포,2,
922,Sinbanpo,신반포,4122,9호선,신반포,고속터미널,2,
923,Express Bus Terminal,고속터미널,4123,9호선,고속터미널,사평,2,
924,Sapyeong,사평,4124,9호선,사평,신논현,2,
925,Sinnonhyeon,신논현,4125,9호선,신논현,언주,2,
926,Eonju,언주,4126,9호선,언주,선정릉,2,
927,Seonjeongneung,선정릉,4127,9호선,선정릉,삼성중앙,2,
928,Samseong Jungang,삼성중앙,4128,9호선,삼성중앙,봉은사,2,
929,Bongeunsa,봉은사,4129,9호선,봉은사,종합운동장,2,
930,Sports Complex,종합운동장,4130,9호선,종합운동장,삼전,3,
931,Samjeon,삼전,4131,9호선,삼전,석촌고분,2,
932,Seokchon Gobun,석촌고분,4132,9호선,석촌고분,석촌,2,
933,Seokchon(Hansol Hospital),석촌,4133,9호선,석촌,송파나루,2,
934,Songpanaru,송파나루,4134,9호선,송파나루,한성백제,2,
935,Hanseong Baekje,한성백제,4135,9호선,한성백제,올림픽공원,3,
936,Olympic Park,올림픽공원,4136,9호선,올림픽공원,둔촌오륜,2,
937,Dunchon Orun ,둔촌오륜,4137,9호선,둔촌오륜,중앙보훈병원,3,
810,Amsa,암사,2811,8호선,암사,천호,2,
811,Cheonho,천호,2812,8호선,천호,강동구청,3,
812,Gangdong-gu Office,강동구청,2813,8호선,강동구청,몽촌토성,3,
813,Mongchontoseong,몽촌토성,2814,8호선,몽촌토성,잠실,2,
814,Jamsil,잠실,2815,8호선,잠실,석촌,3,
815,Seokchon,석촌,2816,8호선,석촌,송파,2,
816,Songpa,송파,2817,8호선,송파,가락시장,2,
817,Garak Market,가락시장,2818,8호선,가락시장,문정,2,
818,Munjeong,문정,2819,8호선,문정,장지,2,
819,Jangji,장지,2820,8호선,장지,복정,2,
820,Bokjeong,복정,2821,8호선,복정,산성,4,
821,Sanseong,산성,2822,8호선,산성,남한산성입구,2,
822,Namhansanseong,남한산성입구,2823,8호선,남한산성입구,단대오거리,2,
823,Dandaeogeori,단대오거리,2824,8호선,단대오거리,신흥,2,
824,Sinheung,신흥,2825,8호선,신흥,수진,2,
825,Moran,수진,2826,8호선,수진,모란,2,
Y110,Giheung,기흥,4501,용인경전철,기흥,강남대,2,
Y111,Kangnam Univ.,강남대,4502,용인경전철,강남대,지석,2,
Y112,Jiseok,지석,4503,용인경전철,지석,어정,2,
Y113,Eojeong,어정,4504,용인경전철,어정,동백,2,
Y114,Dongbaek,동백,4505,용인경전철,동백,초당,2,
Y115,Chodang,초당,4506,용인경전철,초당,삼가,4,
Y116,Samga,삼가,4508,용인경전철,삼가,"시청,용인대",2,
Y117,City Hall Yongin Univ.,"시청,용인대",4509,용인경전철,"시청,용인대",명지대,2,
Y118,Myongji Univ.,명지대,4510,용인경전철,명지대,김량장,2,
Y119,Gimnyangjang,김량장,4511,용인경전철,김량장,"운동장,송담대",2,
Y120,Stadium Songdam College,"운동장,송담대",4512,용인경전철,"운동장,송담대",고진,2,
Y121,Gojin,고진,4513,용인경전철,고진,보평,3,
Y123,Bopyeong,보평,4514,용인경전철,보평,둔전,2,
Y124,Dunjeon,둔전,4515,용인경전철,둔전,"전대,에버랜드",4,
K138,Jipyeong,지평,1220,경의중앙선,지평,,0,
K137,Yongmun,용문,1219,경의중앙선,용문,지평,4,
K136,Wondeok,원덕,1218,경의중앙선,원덕,용문,5,
K135,Yangpyeong,양평,1217,경의중앙선,양평,원덕,5,
K134,Obin,오빈,1216,경의중앙선,오빈,양평,3,
K133,Asin,아신,1215,경의중앙선,아신,오빈,4,
K132,Guksu,국수,1214,경의중앙선,국수,아신,3,
K131,Sinwon,신원,1213,경의중앙선,신원,국수,4,
K130,Yangsu,양수,1212,경의중앙선,양수,신원,5,
K129,Ungilsan,운길산,1211,경의중앙선,운길산,양수,3,
K128,Paldang,팔당,1210,경의중앙선,팔당,운길산,6,
K127,Dosim,도심,1209,경의중앙선,도심,팔당,5,
K126,Deokso,덕소,1208,경의중앙선,덕소,도심,3,
K125,Yangjeong,양정,1207,경의중앙선,양정,덕소,4,
K124,Donong,도농,1206,경의중앙선,도농,양정,4,
K123,Guri,구리,1205,경의중앙선,구리,도농,3,
K122,Yangwon,양원,1204,경의중앙선,양원,구리,4,
K121,Mangu,망우,1203,경의중앙선,망우,양원,3,
K120,Sangbong,상봉,1202,경의중앙선,상봉,망우,2,
K119,Jungnang,중랑,1201,경의중앙선,중랑,상봉,2,
K118,Hoegi,회기,1015,경의중앙선,회기,중랑,3,
K117,Cheongnyangni,청량리,1014,경의중앙선,청량리,회기,3,
K116,Wangsimni,왕십리,1013,경의중앙선,왕십리,청량리,4,
K115,Eungbong,응봉,1012,경의중앙선,응봉,왕십리,2,
K114,Oksu,옥수,1011,경의중앙선,옥수,응봉,3,
K113,Hannam,한남,1010,경의중앙선,한남,옥수,3,
K112,Seobingo,서빙고,1009,경의중앙선,서빙고,한남,3,
K111,Ichon,이촌,1008,경의중앙선,이촌,서빙고,3,
K112,Yongsan,용산,1007,경의중앙선,용산,이촌,4,
K825,Yongsan,용산,1262,경의중앙선,용산,효창공원앞,3,20분
K826,Hyochang Park,효창공원앞,1261,경의중앙선,효창공원앞,공덕,2,
K312,Gongdeok,공덕,1262,경의중앙선,공덕,서강대,3,
K313,Sogang Univ.,서강대,1263,경의중앙선,서강대,홍대입구,2,
K314,Hongik Univ.,홍대입구,1264,경의중앙선,홍대입구,가좌,3,
K315,Gajwa,가좌,1265,경의중앙선,가좌,디지털미디어시티,3,
K315-1,Gajwa,가좌,1265,경의중앙선,가좌,신촌,4,
P312,Sinchon,신촌(경의중앙선),1252,경의중앙선,신촌,서울역,7,
K316,Digital Media City,디지털미디어시티,1266,경의중앙선,디지털미디어시티,수색,2,
K317,Susaek,수색,1267,경의중앙선,수색,화전,4,
K318,Hwajeon,화전,1268,경의중앙선,화전,강매,3,
K319,Gangmae,강매,1269,경의중앙선,강매,행신,2,
K320,Haengsin,행신,1270,경의중앙선,행신,능곡,3,
K321,Neunggok,능곡,1271,경의중앙선,능곡,대곡,3,
K322,Daegok,대곡,300,경의중앙선,대곡,곡산,3,
K323,Goksan,곡산,1272,경의중앙선,곡산,백마,3,
K324,Baengma,백마,1273,경의중앙선,백마,풍산,3,
K325,Pungsan,풍산,1274,경의중앙선,풍산,일산,3,
K326,Ilsan,일산,1275,경의중앙선,일산,탄현,3,
K327,Tanhyeon,탄현,1276,경의중앙선,탄현,야당,3,
K328,Yadang,야당,1277,경의중앙선,야당,운정,2,
K329,Unjeong,운정,1278,경의중앙선,운정,금릉,4,
K330,Geumneung,금릉,1279,경의중앙선,금릉,금촌,3,
K331,Geumchon,금촌,1280,경의중앙선,금촌,월롱,5,
K333,Wollong,월롱,1282,경의중앙선,월롱,파주,3,
K334,Paju,파주,1283,경의중앙선,파주,문산,5,
K335,Munsan,문산,1284,경의중앙선,문산,임진강,7,
K336,Imjingang,임진강,1285,경의중앙선,임진강,,0,
A01,Seoul Station,서울역,4201,공항철도,서울역,공덕,4,
A02,Gongdeok,공덕,4202,공항철도,공덕,홍대입구,4,
A03,Hongik Univ.,홍대입구,4203,공항철도,홍대입구,디지털미디어시티,4,
A04,Digital Media City,디지털미디어시티,4204,공항철도,디지털미디어시티,마곡나루,7,
A042,Magongnaru,마곡나루,4206,공항철도,마곡나루,김포공항,3,
A05,Gimpo Intl. Airport,김포공항,4207,공항철도,김포공항,계양,7,
A06,Gyeyang,계양,4208,공항철도,계양,검암,6,
A07,Geomam,검암,4209,공항철도,검암,청라국제도시,4,
A071,Cheongna Int’l City Station,청라국제도시,4210,공항철도,청라국제도시,운서,9,
A08,Unseo,운서,4211,공항철도,운서,공항화물청사,4,
A09,Incheon Intl. Airport Cargo Terminal,공항화물청사,4212,공항철도,공항화물청사,인천공항1터미널,4,
A10,Incheon Intl. Airport,인천공항1터미널,4213,공항철도,인천공항1터미널,인천공항2터미널,6,
SES3801,Incheon Intl. Airport,인천공항1터미널,39263,인천공항자기부상철도,인천공항1터미널,장기주차장,1,
SES3802,Long Term Parking,장기주차장,39264,인천공항자기부상철도,장기주차장,합동청사,1,
SES3803,Administration Complex,합동청사,39265,인천공항자기부상철도,합동청사,파라다이스시티,1,
SES3804,Paradise City,파라다이스시티,39266,인천공항자기부상철도,파라다이스시티,워터파크,3,
SES3805,Water Park,워터파크,39267,인천공항자기부상철도,워터파크,용유,3,
K209,Cheongnyangni,청량리,1845,수인분당선,청량리,왕십리,5,
K210,Wangsimni,왕십리,1846,수인분당선,왕십리,서울숲,3,
K211,Seoul-forest,서울숲,1847,수인분당선,서울숲,압구정로데오,3,
K212,Apgujeongrodeo,압구정로데오,1848,수인분당선,압구정로데오,강남구청,3,
K213,Gangnam-gu Office,강남구청,1849,수인분당선,강남구청,선정릉,2,
K214,Seonjeongneung,선정릉,1850,수인분당선,선정릉,선릉,2,
K215,Seolleung,선릉,1023,수인분당선,선릉,한티,2,
K216,Hanti,한티,1024,수인분당선,한티,도곡,2,
K217,Dogok,도곡,1025,수인분당선,도곡,구룡,2,
K218,Guryong,구룡,1026,수인분당선,구룡,개포동,2,
K219,Gaepo-dong,개포동,1027,수인분당선,개포동,대모산입구,6,
K220,Deamosan Ipgu,대모산입구,1027,수인분당선,대모산입구,수서,6,
K221,Suseo,수서,1030,수인분당선,수서,복정,4,
K222,Bokjeong,복정,1031,수인분당선,복정,가천대,3,
K223,Gachon Univ.,가천대,1851,수인분당선,가천대,태평,2,
K224,Taepyeong,태평,1852,수인분당선,태평,모란,2,
K225,Moran,모란,1853,수인분당선,모란,야탑,3,
K226,Yatap,야탑,1854,수인분당선,야탑,이매,3,
K227,Imae,이매,1860,수인분당선,이매,서현,2,
K228,Seohyeon,서현,1855,수인분당선,서현,수내,2,
K229,Sunae,수내,1856,수인분당선,수내,정자,3,
K230,Jeongja,정자,1857,수인분당선,정자,미금,3,
K231,Migeum,미금,1858,수인분당선,미금,오리,2,
K232,Ori,오리,1859,수인분당선,오리,죽전,4,
K233,Jukjeon,죽전,1862,수인분당선,죽전,보정,3,
K234,Bojeong,보정,1861,수인분당선,보정,구성,3,
K235,Guseong,구성,1863,수인분당선,구성,신갈,3,
K236,Singal,신갈,1864,수인분당선,신갈,기흥,3,
K237,Giheung,기흥,1865,수인분당선,기흥,상갈,3,
K238,Sanggal,상갈,1866,수인분당선,상갈,청명,3,
K239,Cheongmyeong,청명,1867,수인분당선,청명,영통,2,
K240,Yeongtong,영통,1868,수인분당선,영통,망포,3,
K241,Mangpo,망포,1869,수인분당선,망포,매탄권선,3,
K242,MaetanGwonseon,매탄권선,1870,수인분당선,매탄권선,수원시청,3,
K243,Suwon City Hall,수원시청,1871,수인분당선,수원시청,매교,3,
K244,Maegyo,매교,1872,수인분당선,매교,수원,2,
K245,Suwon,수원,1846,수인분당선,수원,고색,4,
K246,Gosaek,고색,1873,수인분당선,고색,오목천,3,
K247,Omokcheon,오목천,1874,수인분당선,오목천,어천,5,
K248,Eocheon,어천,1875,수인분당선,어천,야목,3,
K249,Yamok,야목,1876,수인분당선,야목,사리,5,
K250,Sari,사리,1877,수인분당선,사리,한대앞,3,
K251,Hanyang Univ. at Ansan,한대앞,1830,수인분당선,한대앞,중앙,2,
K252,Jungang,중앙,1831,수인분당선,중앙,고잔,2,
K253,Gojan,고잔,1832,수인분당선,고잔,초지,3,
K254,Choji,초지,1833,수인분당선,초지,안산,3,
K255,Ansan,안산,1834,수인분당선,안산,신길온천,3,
K256,Neunggil,신길온천,1835,수인분당선,신길온천,정왕,4,
K257,Jeongwang,정왕,1836,수인분당선,정왕,오이도,3,
K258,Oido,오이도,1800,수인분당선,오이도,달월,3,
K259,Dalwol,달월,1878,수인분당선,달월,월곶,3,
K260,Wolgot,월곶,1879,수인분당선,월곶,소래포구,2,
K261,Soraepogu,소래포구,1880,수인분당선,소래포구,인천논현,2,
K262,Incheon Nonhyeon,인천논현,1881,수인분당선,인천논현,호구포,2,
K263,Hogupo,호구포,1882,수인분당선,호구포,남동인더스파크,2,
K264,Namdong Induspark,남동인더스파크,1883,수인분당선,남동인더스파크,원인재,2,
K265,Woninjae,원인재,1884,수인분당선,원인재,연수,2,
K266,Yeonsu,연수,1885,수인분당선,연수,송도,4,
K267,Songdo,송도,1886,수인분당선,송도,인하대,3,
K269,Inha Univ.,인하대,1888,수인분당선,인하대,숭의,3,
K270,Sungui,숭의,1889,수인분당선,숭의,신포,3,
K270,Sinpo,신포,1890,수인분당선,신포,인천,2,
P117,Cheongnyangni,청량리,1306,경춘선,청량리,회기,3,
P118,Hoegi,회기,1307,경춘선,회기,중랑,3,
P119,Jungnang,중랑,1308,경춘선,중랑,상봉,2,
P120,Sangbong,상봉,1309,경춘선,상봉,망우,2,
P120-1,Kwangwoon Univ.,광운대,1307,경춘선,광운대,상봉,2,
P121,Mangu,망우,1310,경춘선,망우,신내,3,
P122,Sinnae,신내,1311,경춘선,신내,갈매,4,
P123,Galmae,갈매,1312,경춘선,갈매,별내,2,
P124,Byeollae,별내,1313,경춘선,별내,퇴계원,3,
P125,Toegyewon,퇴계원,1314,경춘선,퇴계원,사릉,4,
P126,Sareung,사릉,1315,경춘선,사릉,금곡,4,
P127,Geumgok,금곡,1316,경춘선,금곡,평내호평,4,
P128,PyeongnaeHopyeong,평내호평,1317,경춘선,평내호평,천마산,3,
P129,Cheonmasan,천마산,1318,경춘선,천마산,마석,4,
P130,Maseok,마석,1319,경춘선,마석,대성리,6,
P131,Daeseong-ri,대성리,1320,경춘선,대성리,청평,7,
P132,Cheongpyeong,청평,1321,경춘선,청평,상천,5,
P133,Sangcheon,상천,1322,경춘선,상천,가평,6,
P134,Gapyeong,가평,1323,경춘선,가평,굴봉산,5,
P135,Gulbongsan,굴봉산,1324,경춘선,굴봉산,백양리,4,
P136,Baegyang-ri,백양리,1325,경춘선,백양리,강촌,5,
P137,Gangchon,강촌,1326,경춘선,강촌,김유정,6,
P138,Gimyujeong,김유정,1327,경춘선,김유정,남춘천,6,
P139,Chuncheon,춘천,1328,경춘선,남춘천,춘천,4,
841,Sosa,소사,4804,서해선,소사,소새울,3,
842,Sosaeul,소새울,4805,서해선,소새울,시흥대야,3,
843,Siheung Daeya,시흥대야,4806,서해선,시흥대야,신천,3,
844,Sincheon,신천,4807,서해선,신천,신현,4,
845,Sinhyeon,신현,4808,서해선,신현,시흥시청,4,
846,Siheung City Hall,시흥시청,4809,서해선,시흥시청,시흥능곡,2,
847,Siheung Neunggok,시흥능곡,4810,서해선,시흥능곡,달미,4,
848,Dalmi,달미,4811,서해선,달미,선부,3,
849,Seonbu,선부,4812,서해선,선부,초지,3,
850,Choji,초지,4813,서해선,초지,시우,2,
701,Siu,시우,4814,서해선,시우,원시,2,
I201,Geomdan Oryu,검단오류,3201,인천2호선,검단오류,왕길,2,
I202,Wanggil,왕길,3202,인천2호선,왕길,검단사거리,2,
I203,Geomdan Sageori,검단사거리,3203,인천2호선,검단사거리,마전,2,
I204,Majeon,마전,3204,인천2호선,마전,완정,1,
I205,Wanjeong,완정,3205,인천2호선,완정,독정,1,
I206,Dokjeong,독정,3206,인천2호선,독정,검암,2,
I207,Geomam,검암,3207,인천2호선,검암,검바위,1,
I208,Geombawi,검바위,3208,인천2호선,검바위,아시아드경기장,2,
I209,Asiad Stadium,아시아드경기장,3209,인천2호선,아시아드경기장,서구청,2,
I210,Seo-gu Office,서구청,3210,인천2호선,서구청,가정,2,
I211,Gajeong,가정,3211,인천2호선,가정,가정중앙시장,2,
I212,Gajeong Jungang Market,가정중앙시장,3212,인천2호선,가정중앙시장,석남,1,
I213,Seongnam,석남,3213,인천2호선,석남,서부여성회관,1,
I214,West Woman's Community Center,서부여성회관,3214,인천2호선,서부여성회관,인천가좌,1,
I215,Incheon Gajwa,인천가좌,3215,인천2호선,인천가좌,가재울,2,
I216,Gajaeul,가재울,3216,인천2호선,가재울,주안국가산단,2,
I217,Juan National Industrial Complex,주안국가산단,3217,인천2호선,주안국가산단,주안,1,
I218,Juan,주안,3218,인천2호선,주안,시민공원,2,
I219,Citizens Park,시민공원,3219,인천2호선,시민공원,석바위시장,1,
I220,Seokbawi Market,석바위시장,3220,인천2호선,석바위시장,인천시청,1,
I221,Inchon City Hall,인천시청,3221,인천2호선,인천시청,석천사거리,1,
I222,Seokcheon Sageori,석천사거리,3222,인천2호선,석천사거리,모래내시장,1,
I223,Moraenae Market,모래내시장,3223,인천2호선,모래내시장,만수,1,
I224,Mansu,만수,3224,인천2호선,만수,남동구청,2,
I225,Namdong-gu Office,남동구청,3225,인천2호선,남동구청,인천대공원,2,
I226,Inchon Park,인천대공원,3226,인천2호선,인천대공원,운연,2,
U110,Balgok,발곡,4601,의정부경전철,발곡,회룡,2,
U111,Hoeryong,회룡,4602,의정부경전철,회룡,범골,1,
U112,Beomgol,범골,4603,의정부경전철,범골,경전철의정부,2,
U113,Lrt Uijeongbu,경전철의정부,4604,의정부경전철,경전철의정부,의정부시청,2,
U114,Uijeongbu City Hall,의정부시청,4605,의정부경전철,의정부시청,흥선,1,
U115,Heungseon,흥선,4606,의정부경전철,흥선,의정부중앙,2,
U117,Uijeongbu Jung-ang,의정부중앙,4607,의정부경전철,의정부중앙,동오,1,
U118,Dong-o,동오,4608,의정부경전철,동오,새말,2,
U119,sae-mal,새말,4609,의정부경전철,새말,경기도청북부청사,1,
U120,Gyeonggi Provincial Government Northern Office,경기도청북부청사,4610,의정부경전철,경기도청북부청사,효자,1,
U121,hyoja,효자,4611,의정부경전철,효자,곤제,2,
U122,gonjae,곤제,4612,의정부경전철,곤제,어룡,2,
U123,eoryong,어룡,4613,의정부경전철,어룡,송산,1,
U124,Songsan,송산,4614,의정부경전철,송산,탑석,1,
690,Yangchon,양촌,4920,김포도시철도,양촌,구래,6,
691,Gurae,구래,4921,김포도시철도,구래,마산,4,
692,Masan,마산,4922,김포도시철도,마산,장기,2,
693,Janggi,장기,4923,김포도시철도,장기,운양,3,
694,Unyang,운양,4924,김포도시철도,운양,걸포북변,4,
695,Geolpo Bukbyeon,걸포북변,4925,김포도시철도,걸포북변,사우,3,
696,Sau,사우,4926,김포도시철도,사우,풍무,4,
697,Pungmu,풍무,4927,김포도시철도,풍무,고촌,3,
698,Gochon,고촌,4628,김포도시철도,고촌,김포공항,2,
941,Bukhansan Ui,북한산우이,4701,우이신설경전철,북한산우이,솔밭공원,2,
942,Solbat Park,솔밭공원,4702,우이신설경전철,솔밭공원,4.19민주묘지,2,
943,April 19th National Cemetery,4.19민주묘지,4703,우이신설경전철,4.19민주묘지,가오리,2,
944,Gaori,가오리,4704,우이신설경전철,가오리,화계,2,
945,Hwagye,화계,4705,우이신설경전철,화계,삼양,2,
946,Samyang,삼양,4706,우이신설경전철,삼양,삼양사거리,2,
947,Samyang Sageori,삼양사거리,4707,우이신설경전철,삼양사거리,솔샘,2,
948,Solsaem,솔샘,4708,우이신설경전철,솔샘,북한산보국문,2,
949,Bukhansan Bogungmun,북한산보국문,4709,우이신설경전철,북한산보국문,정릉,2,
950,Jeongneung,정릉,4710,우이신설경전철,정릉,성신여대입구,2,
951,Sungshin Women`s Univ.,성신여대입구,4711,우이신설경전철,성신여대입구,보문,3,
952,Bomun,보문,4712,우이신설경전철,보문,신설동,2,
K410,Pangyo,판교,1501,경강선,판교,이매,3,
K411,Imae,이매,1502,경강선,이매,삼동,6,
K412,Samdong,삼동,1503,경강선,삼동,경기광주,5,
K413,GyeonggiGwangju,경기광주,1504,경강선,경기광주,초월,4,
K414,Chowol,초월,1505,경강선,초월,곤지암,5,
K415,Gonjiam,곤지암,1506,경강선,곤지암,신둔도예촌,6,
K416,Sindundoyechon,신둔도예촌,1507,경강선,신둔도예촌,이천,5,
K417,Icheon,이천,1508,경강선,이천,부발,4,
K418,Bubal,부발,1509,경강선,부발,세종대왕릉,6,
K419,Sejong Tomb,세종대왕릉,1510,경강선,세종대왕릉,여주,6,
100,Soyo Mountain,소요산,1916,1호선,소요산,동두천,4,
101,Dongducheon,동두천,1915,1호선,동두천,보산,3,
102,Bosan,보산,1914,1호선,보산,동두천중앙,3,
103,Dongducheon jungang,동두천중앙,1913,1호선,동두천중앙,지행,2,
104,Jihaeng,지행,1912,1호선,지행,덕정,6,
105,Deokjeong,덕정,1911,1호선,덕정,덕계,4,
106,Deokgye,덕계,1910,1호선,덕계,양주,6,
107,Yangju,양주,1909,1호선,양주,녹양,3,
108,Nogyang,녹양,1908,1호선,녹양,가능,2,
109,Ganeung,가능,1907,1호선,가능,의정부,3,
110,Uijeongbu,의정부,1906,1호선,의정부,회룡,3,
111,Hoeryong,회룡,1905,1호선,회룡,망월사,2,
112,Mangwolsa,망월사,1904,1호선,망월사,도봉산,3,
113,Dobongsan,도봉산,1903,1호선,도봉산,도봉,2,
114,Dobong,도봉,1902,1호선,도봉,방학,2,
115,Banghak,방학,1901,1호선,방학,창동,3,
116,Chang-dong,창동,1022,1호선,창동,녹천,2,
117,Nokcheon,녹천,1021,1호선,녹천,월계,3,
118,Wolgye,월계,1020,1호선,월계,광운대,3,
119,Kwangwoon Univ.,광운대,1019,1호선,광운대,석계,3,
120,Seokgye,석계,1018,1호선,석계,신이문,2,
121,Sinimun,신이문,1017,1호선,신이문,외대앞,2,
122,Hankuk Univ. of Foreign Studies,외대앞,1016,1호선,외대앞,회기,2,
123,Hoegi,회기,1015,1호선,회기,청량리,3,
124,Cheongnyangni,청량리,158,1호선,청량리,제기동,2,
125,Jegi-dong,제기동,157,1호선,제기동,신설동,2,
126,Sinseol-dong,신설동,156,1호선,신설동,동묘앞,2,
127,Dongmyo,동묘앞,159,1호선,동묘앞,동대문,2,
128,Dongdaemun,동대문,155,1호선,동대문,종로5가,2,
129,Jongno 5(o)-ga,종로5가,154,1호선,종로5가,종로3가,2,
130,Jongno 3(sam)-ga,종로3가,153,1호선,종로3가,종각,2,
131,Jonggak,종각,152,1호선,종각,시청,3,
132,City Hall,시청,151,1호선,시청,서울역,2,
133,Seoul Station,서울역,150,1호선,서울역,남영,3,
134,Namyeong,남영,1002,1호선,남영,용산,3,
135,Yongsan,용산,1003,1호선,용산,노량진,4,
136,Noryangjin,노량진,1004,1호선,노량진,대방,3,
137,Daebang,대방,1005,1호선,대방,신길,2,
138,Singil,신길,1032,1호선,신길,영등포,3,
139,Yeongdeungpo,영등포,1006,1호선,영등포,신도림,3,
140,Sindorim,신도림,1007,1호선,신도림,구로,2,
141,Guro,구로,1701,1호선,구로,구일,3,
142,Guil,구일,1813,1호선,구일,개봉,2,
143,Gaebong,개봉,1801,1호선,개봉,오류동,3,
144,Oryu-dong,오류동,1802,1호선,오류동,온수,3,
145,Onsu,온수,1821,1호선,온수,역곡,2,
146,Yeokgok,역곡,1803,1호선,역곡,소사,3,
147,Sosa,소사,1814,1호선,소사,부천,2,
148,Bucheon,부천,1804,1호선,부천,중동,3,
149,Jung-dong,중동,1822,1호선,중동,송내,2,
150,Songnae,송내,1805,1호선,송내,부개,2,
151,Bugae,부개,1815,1호선,부개,부평,3,
152,Bupyeong,부평,1806,1호선,부평,백운,3,
153,Baegun,백운,1807,1호선,백운,동암,3,
154,Dongam,동암,1808,1호선,동암,간석,3,
155,Ganseok,간석,1816,1호선,간석,주안,2,
156,Juan,주안,1809,1호선,주안,도화,2,
157,Dohwa,도화,1823,1호선,도화,제물포,2,
158,Jemulpo,제물포,1810,1호선,제물포,도원,3,
159,Dowon,도원,1817,1호선,도원,동인천,2,
160,Dongincheon,동인천,1811,1호선,동인천,인천,4,
141-1,Guro,구로,1701,1호선,구로,가산디지털단지,5,
P142,Gasan Digital Complex,가산디지털단지,1702,1호선,가산디지털단지,독산,3,
P143,Doksan,독산,1714,1호선,독산,금천구청,2,
P144,Geumcheon-Gu Office,금천구청,1703,1호선,금천구청,광명,5,
P144-1,Geumcheon-Gu Office,금천구청,1703,1호선,금천구청,석수,3,
P145,Seoksu,석수,1704,1호선,석수,관악,3,
P146,Gwanak,관악,1705,1호선,관악,안양,3,
P147,Anyang,안양,1706,1호선,안양,명학,3,
P148,Myeonghak,명학,1707,1호선,명학,금정,3,
P149,Geumjeong,금정,1708,1호선,금정,군포,3,
P150,Gunpo,군포,1709,1호선,군포,당정,3,
P151,Dangjeong,당정,1729,1호선,당정,의왕,4,
P152,Uiwang,의왕,1710,1호선,의왕,성균관대,4,
P153,Sungkyunkwan Univ.,성균관대,1711,1호선,성균관대,화서,4,
P154,Hwaseo,화서,1712,1호선,화서,수원,3,
P155,Suwon,수원,1713,1호선,수원,세류,4,
P156,Seryu,세류,1715,1호선,세류,병점,4,
P157,Byeongjeom,병점,1716,1호선,병점,서동탄,3,
P157-1,Byeongjeom,병점,1716,1호선,병점,세마,3,
P158,Sema,세마,1717,1호선,세마,오산대,3,
P159,Osan College,오산대,1718,1호선,오산대,오산,4,
P160,Osan,오산,1719,1호선,오산,진위,4,
P161,Jinwi,진위,1720,1호선,진위,송탄,4,
P162,Songtan,송탄,1721,1호선,송탄,서정리,3,
P163,Seojeong-ri,서정리,1722,1호선,서정리,평택지제,5,
P164,PyeongtaekJije,평택지제,1723,1호선,평택지제,평택,5,
P165,Pyeongtaek,평택,1724,1호선,평택,성환,8,
P166,Seonghwan,성환,1725,1호선,성환,직산,5,
P167,Jiksan,직산,1726,1호선,직산,두정,5,
P168,Dujeong,두정,1727,1호선,두정,천안,4,
P169,Cheonan,천안,1728,1호선,천안,봉명,3,
P170,Bongmyeong,봉명,1401,1호선,봉명,쌍용(나사렛대),3,
P171,Ssangyong,쌍용(나사렛대),1402,1호선,쌍용(나사렛대),아산,3,
P172,Asan,아산,1403,1호선,아산,배방,5,
P174,Baebang,배방,1405,1호선,배방,온양온천,5,
P176,Onyang oncheon,온양온천,1407,1호선,온양온천,신창,5,
D10,Cheonggyesan,청계산입구,4310,신분당선,청계산입구,판교,7,
D11,Pangyo,판교,4311,신분당선,판교,정자,3,
D12,Jeongja,정자,4312,신분당선,정자,미금,3,
D13,Migeum,미금,4313,신분당선,미금,동천,3,
D14,Dongcheon,동천,4314,신분당선,동천,수지구청,3,
D15,Suji-gu office,수지구청,4315,신분당선,수지구청,성복,3,
D16,Seongbok,성복,4316,신분당선,성복,상현,3,
D17,Sanghyeon,상현,4317,신분당선,상현,광교중앙,3,
D18,GwanggyoJungang,광교중앙,4318,신분당선,광교중앙,광교,3,
D7,Gangnam,강남,4307,신분당선,강남,양재,2,
D8,Yangjae,양재,4308,신분당선,양재,양재시민의숲,2,
D9,Yangjae Park,양재시민의숲,4309,신분당선,양재시민의숲,청계산입구,3,
309,Daehwa,대화,1958,3호선,대화,주엽,3,
310,Juyeop,주엽,1957,3호선,주엽,정발산,3,
311,Jeongbalsan,정발산,1956,3호선,정발산,마두,2,
312,Madu,마두,1955,3호선,마두,백석,3,
313,Baekseok,백석,1954,3호선,백석,대곡,4,
314,Daegok,대곡,1953,3호선,대곡,화정,3,
315,Hwajeong,화정,1952,3호선,화정,원당,4,
316,Wondang,원당,1951,3호선,원당,원흥,4,
317,Wonheung,원흥,1948,3호선,원흥,삼송,3,
318,Samsong,삼송,1950,3호선,삼송,지축,3,
319,Jichuk,지축,309,3호선,지축,구파발,4,
320,Gupabal,구파발,310,3호선,구파발,연신내,3,
321,Yeonsinnae,연신내,311,3호선,연신내,불광,2,
322,Bulgwang,불광,312,3호선,불광,녹번,2,
323,Nokbeon,녹번,313,3호선,녹번,홍제,3,
324,Hongje,홍제,314,3호선,홍제,무악재,2,
325,Muakjae,무악재,315,3호선,무악재,독립문,2,
326,Dongnimmun,독립문,316,3호선,독립문,경복궁,3,
327,Gyeongbokgung,경복궁,317,3호선,경복궁,안국,2,
328,Anguk,안국,318,3호선,안국,종로3가,2,
329,Jongno 3(sam)-ga,종로3가,319,3호선,종로3가,을지로3가,2,
330,Euljiro 3(sam)-ga,을지로3가,320,3호선,을지로3가,충무로,2,
331,Chungmuro,충무로,321,3호선,충무로,동대입구,2,
332,Dongguk Univ.,동대입구,322,3호선,동대입구,약수,2,
333,Yaksu,약수,323,3호선,약수,금호,2,
334,Geumho,금호,324,3호선,금호,옥수,2,
335,Oksu,옥수,325,3호선,옥수,압구정,3,
336,Apgujeong,압구정,326,3호선,압구정,신사,3,
337,Sinsa,신사,327,3호선,신사,잠원,2,
338,Jamwon,잠원,328,3호선,잠원,고속터미널,2,
339,Express Bus Terminal,고속터미널,329,3호선,고속터미널,교대,3,
340,Seoul Nat`l Univ. of Education,교대,330,3호선,교대,남부터미널,2,
341,Nambu Bus Terminal,남부터미널,331,3호선,남부터미널,양재,3,
342,Yangjae,양재,332,3호선,양재,매봉,3,
343,Maebong,매봉,333,3호선,매봉,도곡,2,
344,Dogok,도곡,334,3호선,도곡,대치,2,
345,Daechi,대치,335,3호선,대치,학여울,2,
346,Hangnyeoul,학여울,336,3호선,학여울,대청,2,
347,Daecheong,대청,337,3호선,대청,일원,2,
348,Irwon,일원,338,3호선,일원,수서,3,
349,Suseo,수서,339,3호선,수서,가락시장,2,
350,Garak Market,가락시장,340,3호선,가락시장,경찰병원,2,
351,National Police Hospital,경찰병원,341,3호선,경찰병원,오금,2,
I110,Gyeyang,계양,3110,인천1호선,계양,귤현,3,
I111,Gyulhyeon,귤현,3111,인천1호선,귤현,박촌,3,
I112,Bakchon,박촌,3112,인천1호선,박촌,임학,2,
I113,Imhak,임학,3113,인천1호선,임학,계산,2,
I114,Gyesan,계산,3114,인천1호선,계산,경인교대입구,3,
I115,Gyeong-in Nat`l Univ. of Education,경인교대입구,3115,인천1호선,경인교대입구,작전,2,
I116,Jakjeon,작전,3116,인천1호선,작전,갈산,2,
I117,Galsan,갈산,3117,인천1호선,갈산,부평구청,2,
I118,Bupyeong-gu Office,부평구청,3118,인천1호선,부평구청,부평시장,2,
I119,Bupyeong Market,부평시장,3119,인천1호선,부평시장,부평,2,
I120,Bupyeong,부평,3120,인천1호선,부평,동수,2,
I121,Dongsu,동수,3121,인천1호선,동수,부평삼거리,2,
I122,Bupyeongsamgeori,부평삼거리,3122,인천1호선,부평삼거리,간석오거리,2,
I123,Ganseogogeori,간석오거리,3123,인천1호선,간석오거리,인천시청,3,
I124,Incheon City Hall,인천시청,3124,인천1호선,인천시청,예술회관,2,
I125,Arts Center,예술회관,3125,인천1호선,예술회관,인천터미널,2,
I126,Incheon Bus Terminal,인천터미널,3126,인천1호선,인천터미널,문학경기장,2,
I127,Munhak Sports Complex,문학경기장,3127,인천1호선,문학경기장,선학,2,
I128,Seonhak,선학,3128,인천1호선,선학,신연수,2,
I129,Sinyeonsu,신연수,3129,인천1호선,신연수,원인재,2,
I130,Woninjae,원인재,3130,인천1호선,원인재,동춘,2,
I131,Dongchun,동춘,3131,인천1호선,동춘,동막,2,
I132,Dongmak,동막,3132,인천1호선,동막,캠퍼스타운,3,
I133,Campus Town,캠퍼스타운,3133,인천1호선,캠퍼스타운,테크노파크,2,
I134,Technopark,테크노파크,3134,인천1호선,테크노파크,지식정보단지,3,
I135,BIT Zone,지식정보단지,3135,인천1호선,지식정보단지,인천대입구,2,
I136,Incheon Nat'l Univ.,인천대입구,3136,인천1호선,인천대입구,센트럴파크,2,
I137,Central Park,센트럴파크,3137,인천1호선,센트럴파크,국제업무지구,1,
I138,International area,송도달빛축제공원,3138,인천1호선,국제업무지구,송도달빛축제공원,2,
201,City Hall,시청,201,2호선,시청,을지로입구,2,
202,Euljiro 1(il)-ga,을지로입구,202,2호선,을지로입구,을지로3가,2,
203,Euljiro 3(sam)-ga,을지로3가,203,2호선,을지로3가,을지로4가,2,
204,Euljiro 4(sa)-ga,을지로4가,204,2호선,을지로4가,동대문역사문화공원,2,
205,Dongdaemun History  Culture Park,동대문역사문화공원,205,2호선,동대문역사문화공원,신당,2,
206,Sindang,신당,206,2호선,신당,상왕십리,2,
207,Sangwangsimni,상왕십리,207,2호선,상왕십리,왕십리,2,
208,Wangsimni,왕십리,208,2호선,왕십리,한양대,2,
209,Hanyang Univ.,한양대,209,2호선,한양대,뚝섬,2,
210,Ttukseom,뚝섬,210,2호선,뚝섬,성수,2,
211,Seongsu,성수,211,2호선,성수,용답,4,
211-1,Yongdap,용답,244,2호선,용답,신답,2,
211-2,Sindap,신답,245,2호선,신답,용두,2,
211-3,Yongdu,용두,246,2호선,용두,신설동,2,
211-4,Seongsu,성수,211,2호선,성수,건대입구,3,
212,Konkuk Univ.,건대입구,212,2호선,건대입구,구의,3,
213,Guui,구의,213,2호선,구의,강변,2,
214,Gangbyeon,강변,214,2호선,강변,잠실나루,3,
215,Jamsillaru,잠실나루,215,2호선,잠실나루,잠실,2,
216,Jamsil,잠실,216,2호선,잠실,잠실새내,2,
217,Jamsilsaenae,잠실새내,217,2호선,잠실새내,종합운동장,2,
218,Sports Complex,종합운동장,218,2호선,종합운동장,삼성,2,
219,Samseong,삼성,219,2호선,삼성,선릉,2,
220,Seolleung,선릉,220,2호선,선릉,역삼,3,
221,Yeoksam,역삼,221,2호선,역삼,강남,2,
222,Gangnam,강남,222,2호선,강남,교대,2,
223,Seoul Nat`l Univ. of Education,교대,223,2호선,교대,서초,2,
224,Seocho,서초,224,2호선,서초,방배,3,
225,Bangbae,방배,225,2호선,방배,사당,3,
226,Sadang,사당,226,2호선,사당,낙성대,3,
227,Nakseongdae,낙성대,227,2호선,낙성대,서울대입구,2,
228,Seoul Nat`l Univ.,서울대입구,228,2호선,서울대입구,봉천,2,
229,Bongcheon,봉천,229,2호선,봉천,신림,2,
230,Sillim,신림,230,2호선,신림,신대방,3,
231,Sindaebang,신대방,231,2호선,신대방,구로디지털단지,2,
232,Guro Digital Complex,구로디지털단지,232,2호선,구로디지털단지,대림,2,
233,Daerim,대림,233,2호선,대림,신도림,3,
234,Sindorim,신도림,234,2호선,신도림,도림천,2,
234-1,Dorimcheon,도림천,247,2호선,도림천,양천구청,3,
234-2,Yangcheon-gu Office,양천구청,248,2호선,양천구청,신정네거리,4,
234-3,Sinjeongnegeori,신정네거리,249,2호선,신정네거리,까치산,3,
234-4,Sindorim,신도림,234,2호선,신도림,문래,3,
235,Mullae,문래,235,2호선,문래,영등포구청,2,
236,Yeongdeungpo-gu Office,영등포구청,236,2호선,영등포구청,당산,2,
237,Dangsan,당산,237,2호선,당산,합정,3,
238,Hapjeong,합정,238,2호선,합정,홍대입구,2,
239,Hongik Univ.,홍대입구,239,2호선,홍대입구,신촌,3,
240,Sinchon,신촌,240,2호선,신촌,이대,2,
241,Ewha Womans Univ.,이대,241,2호선,이대,아현,2,
242,Ahyeon,아현,242,2호선,아현,충정로,2,
243,Chungjeongno,충정로,243,2호선,충정로,시청,2,
510,Banghwa,방화,2511,5호선,방화,개화산,2,
511,Gaehwasan,개화산,2512,5호선,개화산,김포공항,2,
512,Gimpo Intl. Airport,김포공항,2513,5호선,김포공항,송정,2,
513,Songjeong,송정,2514,5호선,송정,마곡,2,
514,Magok,마곡,2515,5호선,마곡,발산,2,
515,Balsan,발산,2516,5호선,발산,우장산,2,
516,Ujangsan,우장산,2517,5호선,우장산,화곡,2,
517,Hwagok,화곡,2518,5호선,화곡,까치산,2,
518,Kkachisan,까치산,2519,5호선,까치산,신정,2,
519,Sinjeong,신정,2520,5호선,신정,목동,2,
520,Mok-dong,목동,2521,5호선,목동,오목교,2,
521,Omokgyo,오목교,2522,5호선,오목교,양평,2,
522,Yangpyeong,양평,2523,5호선,양평,영등포구청,2,
523,Yeongdeungpo-gu Office,영등포구청,2524,5호선,영등포구청,영등포시장,2,
524,Yeongdeungpo Market,영등포시장,2525,5호선,영등포시장,신길,2,
525,Singil,신길,2526,5호선,신길,여의도,2,
526,Yeouido,여의도,2527,5호선,여의도,여의나루,2,
527,Yeouinaru,여의나루,2528,5호선,여의나루,마포,3,
528,Mapo,마포,2529,5호선,마포,공덕,2,
529,Gongdeok,공덕,2530,5호선,공덕,애오개,2,
530,Aeogae,애오개,2531,5호선,애오개,충정로,2,
531,Chungjeongno,충정로,2532,5호선,충정로,서대문,2,
532,Seodaemun,서대문,2533,5호선,서대문,광화문,2,
533,Gwanghwamun,광화문,2534,5호선,광화문,종로3가,2,
534,Jongno 3(sam)-ga,종로3가,2535,5호선,종로3가,을지로4가,2,
535,Euljiro 4(sa)-ga,을지로4가,2536,5호선,을지로4가,동대문역사문화공원,2,
536,Dongdaemun History  Culture Park,동대문역사문화공원,2537,5호선,동대문역사문화공원,청구,2,
5371,Cheonggu,청구,2538,5호선,청구,신금호,2,
538,Singeumho,신금호,2539,5호선,신금호,행당,2,
539,Haengdang,행당,2540,5호선,행당,왕십리,2,
540,Wangsimni,왕십리,2541,5호선,왕십리,마장,2,
541,Majang,마장,2542,5호선,마장,답십리,2,
542,Dapsimni,답십리,2543,5호선,답십리,장한평,2,
543,Janghanpyeong,장한평,2544,5호선,장한평,군자,2,
544,Gunja,군자,2545,5호선,군자,아차산,2,
545,Achasan,아차산,2546,5호선,아차산,광나루,2,
546,Gwangnaru,광나루,2547,5호선,광나루,천호,3,
547,Cheonho,천호,2548,5호선,천호,강동,2,
548,Gangdong,강동,2549,5호선,강동,길동,2,
549,Gil-dong,길동,2550,5호선,길동,굽은다리,2,
550,Gubeundari,굽은다리,2551,5호선,굽은다리,명일,2,
551,Myeongil,명일,2552,5호선,명일,고덕,2,
552,Godeok,고덕,2553,5호선,고덕,상일동,2,
553,Sangil-dong,상일동,2554,5호선,상일동,강일,2,
554,Gangil,강일,2562,5호선,강일,미사,2,
555,Misa,미사,2563,5호선,미사,하남풍산,3,
556,Hanam Pungsan,하남풍산,2564,5호선,하남풍산,하남시청,2,
557,Hanam City Hall,하남시청,2565,5호선,하남시청,하남검단산,3,
P548,Gangdong,강동,2549,5호선,강동,둔촌동,2,
P549,Dunchon-dong,둔촌동,2555,5호선,둔촌동,올림픽공원,2,
P550,Olympic Park,올림픽공원,2556,5호선,올림픽공원,방이,2,
P551,Bangi,방이,2557,5호선,방이,오금,2,
P552,Ogeum,오금,2558,5호선,오금,개롱,2,
P553,Gaerong,개롱,2559,5호선,개롱,거여,2,
P554,Geoyeo,거여,2560,5호선,거여,마천,2,
409,Danggogae,당고개,409,4호선,당고개,상계,2,
410,Sanggye,상계,410,4호선,상계,노원,2,
411,Nowon,노원,411,4호선,노원,창동,3,
412,Chang-dong,창동,412,4호선,창동,쌍문,2,
413,Ssangmun,쌍문,413,4호선,쌍문,수유,3,
414,Suyu,수유,414,4호선,수유,미아,2,
415,Mia,미아,415,4호선,미아,미아사거리,3,
416,Miasamgeori,미아사거리,416,4호선,미아사거리,길음,2,
417,Gireum,길음,417,4호선,길음,성신여대입구,3,
418,Sungshin Women`s Univ.,성신여대입구,418,4호선,성신여대입구,한성대입구,2,
419,Hansung Univ.,한성대입구,419,4호선,한성대입구,혜화,2,
420,Hyehwa,혜화,420,4호선,혜화,동대문,3,
421,Dongdaemun,동대문,421,4호선,동대문,동대문역사문화공원,2,
422,Dongdaemun History  Culture Park,동대문역사문화공원,422,4호선,동대문역사문화공원,충무로,3,
423,Chungmuro,충무로,423,4호선,충무로,명동,2,
424,Myeong-dong,명동,424,4호선,명동,회현,2,
425,Hoehyeon,회현,425,4호선,회현,서울역,2,
426,Seoul Station,서울역,426,4호선,서울역,숙대입구,2,
427,Sookmyung Women`s Univ.,숙대입구,427,4호선,숙대입구,삼각지,2,
428,Samgakji,삼각지,428,4호선,삼각지,신용산,2,
429,Sinyongsan,신용산,429,4호선,신용산,이촌,2,
430,Ichon,이촌,430,4호선,이촌,동작,4,
431,Dongjak,동작,431,4호선,동작,총신대입구(이수),3,
432,Chongshin Univ.,총신대입구(이수),432,4호선,총신대입구(이수),사당,2,
433,Sadang,사당,433,4호선,사당,남태령,2,
434,Namtaeryeong,남태령,434,4호선,남태령,선바위,3,
435,Seonbawi,선바위,1450,4호선,선바위,경마공원,2,
436,Seoul Racecourse Park,경마공원,1451,4호선,경마공원,대공원,2,
437,Seoul Grand Park,대공원,1452,4호선,대공원,과천,2,
438,Gwacheon,과천,1453,4호선,과천,정부과천청사,2,
439,Government Complex Gwacheon,정부과천청사,1454,4호선,정부과천청사,인덕원,4,
440,Indeogwon,인덕원,1455,4호선,인덕원,평촌,3,
441,Pyeongchon,평촌,1456,4호선,평촌,범계,2,
442,Beomgye,범계,1457,4호선,범계,금정,4,
443,Geumjeong,금정,1458,4호선,금정,산본,4,
444,Sanbon,산본,1750,4호선,산본,수리산,2,
445,Surisan,수리산,1751,4호선,수리산,대야미,3,
446,Daeyami,대야미,1752,4호선,대야미,반월,3,
447,Banwol,반월,1753,4호선,반월,상록수,4,
448,Sangnoksu,상록수,1754,4호선,상록수,한대앞,2,
449,Hanyang Univ. at Ansan,한대앞,1755,4호선,한대앞,중앙,2,
450,Jungang,중앙,1756,4호선,중앙,고잔,2,
451,Gojan,고잔,1757,4호선,고잔,초지,3,
452,Choji,초지,1758,4호선,초지,안산,3,
453,Ansan,안산,1759,4호선,안산,신길온천,3,
454,Neunggil,신길온천,1760,4호선,신길온천,정왕,4,
455,Jeongwang,정왕,1761,4호선,정왕,오이도,3,
709,Jangam,장암,2711,7호선,장암,도봉산,5,
710,Dobongsan,도봉산,2712,7호선,도봉산,수락산,3,
711,Suraksan,수락산,2713,7호선,수락산,마들,3,
712,Madeul,마들,2714,7호선,마들,노원,2,
713,Nowon,노원,2715,7호선,노원,중계,2,
714,Junggye,중계,2716,7호선,중계,하계,2,
7151,Hagye,하계,2717,7호선,하계,공릉,2,
716,Gongneung,공릉,2718,7호선,공릉,태릉입구,2,
717,Taereung,태릉입구,2719,7호선,태릉입구,먹골,2,
718,Meokgol,먹골,2720,7호선,먹골,중화,2,
719,Junghwa,중화,2721,7호선,중화,상봉,2,
720,Sangbong,상봉,2722,7호선,상봉,면목,2,
721,Myeonmok,면목,2723,7호선,면목,사가정,2,
722,Sagajeong,사가정,2724,7호선,사가정,용마산,2,
723,Yongmasan,용마산,2725,7호선,용마산,중곡,2,
724,Junggok,중곡,2726,7호선,중곡,군자,2,
725,Gunja,군자,2727,7호선,군자,어린이대공원,2,
726,Children`s  Grand Park,어린이대공원,2728,7호선,어린이대공원,건대입구,2,
727,Konkuk Univ.,건대입구,2729,7호선,건대입구,뚝섬유원지,2,
728,Ttukseom Park,뚝섬유원지,2730,7호선,뚝섬유원지,청담,3,
729,Cheongdam,청담,2731,7호선,청담,강남구청,2,
730,Gangnam-gu Office,강남구청,2732,7호선,강남구청,학동,2,
731,Hak-dong,학동,2733,7호선,학동,논현,2,
732,Nonhyeon,논현,2734,7호선,논현,반포,2,
733,Banpo,반포,2735,7호선,반포,고속터미널,2,
734,Express Bus Terminal,고속터미널,2736,7호선,고속터미널,내방,3,
735,Naebang,내방,2737,7호선,내방,총신대입구(이수),2,
736,Chongshin Univ.,총신대입구(이수),2738,7호선,총신대입구(이수),남성,2,
737,Namseong,남성,2739,7호선,남성,숭실대입구,3,
738,Soongsil Univ.,숭실대입구,2740,7호선,숭실대입구,상도,2,
739,Sangdo,상도,2741,7호선,상도,장승배기,2,
740,Jangseungbaegi,장승배기,2742,7호선,장승배기,신대방삼거리,2,
741,Sindaebangsamgeori,신대방삼거리,2743,7호선,신대방삼거리,보라매,2,
742,Boramae,보라매,2744,7호선,보라매,신풍,2,
743,Sinpung,신풍,2745,7호선,신풍,대림,3,
744,Daerim,대림,2746,7호선,대림,남구로,2,
745,Namguro,남구로,2747,7호선,남구로,가산디지털단지,2,
746,Gasan Digital Complex,가산디지털단지,2748,7호선,가산디지털단지,철산,3,
747,Cheolsan,철산,2749,7호선,철산,광명사거리,2,
748,Gwangmyeongsageori,광명사거리,2750,7호선,광명사거리,천왕,3,
749,Cheonwang,천왕,2751,7호선,천왕,온수,3,
750,Onsu,온수,2752,7호선,온수,까치울,3,
751,Kkachiul,까치울,2753,7호선,까치울,부천종합운동장,2,
752,Bucheon Stadium,부천종합운동장,2754,7호선,부천종합운동장,춘의,2,
753,Chunui,춘의,2755,7호선,춘의,신중동,2,
754,Sinjung-dong,신중동,2756,7호선,신중동,부천시청,2,
755,Bucheon City Hall,부천시청,2757,7호선,부천시청,상동,2,
756,Sang-dong,상동,2758,7호선,상동,삼산체육관,2,
757,Samsan Gymnasium,삼산체육관,2759,7호선,삼산체육관,굴포천,2,
758,Gulpocheon,굴포천,2760,7호선,굴포천,부평구청,2,
759,Bupyeong-gu Office,부평구청,2761,7호선,부평구청,산곡,2,
760,Sangok,산곡,2762,7호선,산곡,석남,3,
610,Eungam,응암,2611,6호선,응암,역촌,2,
611,Yeokchon,역촌,2612,6호선,역촌,불광,2,
612,Bulgwang,불광,2613,6호선,불광,독바위,2,
613,Dokbawi,독바위,2614,6호선,독바위,연신내,3,
614,Yeonsinnae,연신내,2615,6호선,연신내,구산,2,
615,Gusan,구산,2616,6호선,구산,응암,3,
610-1,Eungam,응암,2611,6호선,응암,새절,2,
616,Saejeol,새절,2617,6호선,새절,증산,2,
617,Jeungsan,증산,2618,6호선,증산,디지털미디어시티,2,
618,Digital Media City,디지털미디어시티,2619,6호선,디지털미디어시티,월드컵경기장,2,
619,World Cup Stadium,월드컵경기장,2620,6호선,월드컵경기장,마포구청,2,
620,Mapo-gu Office,마포구청,2621,6호선,마포구청,망원,2,
621,Mangwon,망원,2622,6호선,망원,합정,2,
622,Hapjeong,합정,2623,6호선,합정,상수,2,
623,Sangsu,상수,2624,6호선,상수,광흥창,2,
624,Gwangheungchang,광흥창,2625,6호선,광흥창,대흥,2,
625,Daeheung,대흥,2626,6호선,대흥,공덕,2,
626,Gongdeok,공덕,2627,6호선,공덕,효창공원앞,2,
627,Hyochang park,효창공원앞,2628,6호선,효창공원앞,삼각지,2,
628,Samgakji,삼각지,2629,6호선,삼각지,녹사평,2,
629,Noksapyeong,녹사평,2630,6호선,녹사평,이태원,2,
630,Itaewon,이태원,2631,6호선,이태원,한강진,2,
631,Hangangjin,한강진,2632,6호선,한강진,버티고개,2,
632,Beotigogae,버티고개,2633,6호선,버티고개,약수,2,
633,Yaksu,약수,2634,6호선,약수,청구,2,
634,Cheonggu,청구,2635,6호선,청구,신당,2,
635,Sindang,신당,2636,6호선,신당,동묘앞,2,
636,Dongmyo,동묘앞,2637,6호선,동묘앞,창신,2,
637,Changsin,창신,2638,6호선,창신,보문,2,
638,Bomun,보문,2639,6호선,보문,안암,2,
639,Anam,안암,2640,6호선,안암,고려대,2,
640,Korea Univ.,고려대,2641,6호선,고려대,월곡,2,
641,Wolgok,월곡,2642,6호선,월곡,상월곡,2,
642,Sangwolgok,상월곡,2643,6호선,상월곡,돌곶이,2,
643,Dolgoji,돌곶이,2644,6호선,돌곶이,석계,2,
644,Seokgye,석계,2645,6호선,석계,태릉입구,2,
645,Taereung,태릉입구,2646,6호선,태릉입구,화랑대,2,
646,Hwarangdae,화랑대,2647,6호선,화랑대,봉화산,2,
647,BongHwa Mountain,봉화산,2648,6호선,봉화산,신내,5,
